{
  "num_nodes": 3000,
  "num_edges": 2440511,
  "avg_degree": 1627.0073333333332,
  "density": 0.5425166166499944,
  "num_labels": 20,
  "l_mean": 3.2336666666666667,
  "l_min": 1,
  "l_max": 12,
  "unlabeled_fraction": 0.0,
  "label_homophily": 0.2987171096373022,
  "alpha": 50.0,
  "b": 0.2,
  "target_h": 0.3,
  "actual_h": 0.2987171096373022,
  "feature_dim": 20,
  "feature_sparsity": 0.0,
  "clustering_coefficient": 0.7490333501421311,
  "label_informativeness": 0.002697016831399091
}