{
  "num_nodes": 3000,
  "num_edges": 136014,
  "avg_degree": 90.676,
  "density": 0.030235411803934645,
  "num_labels": 20,
  "l_mean": 6.695,
  "l_min": 0,
  "l_max": 20,
  "unlabeled_fraction": 0.0036666666666666666,
  "label_homophily": 0.4043990582725842,
  "alpha": 6.25,
  "b": 0.12,
  "target_h": 0.4,
  "actual_h": 0.4043990582725842,
  "label_informativeness": 0.023868888815935747,
  "clustering_coefficient": 0.24637874325369805
}