{
  "num_nodes": 3000,
  "num_edges": 11012,
  "avg_degree": 7.341333333333333,
  "density": 0.002447927086806713,
  "num_labels": 39,
  "l_mean": 6.110666666666667,
  "l_min": 0,
  "l_max": 21,
  "unlabeled_fraction": 0.002,
  "label_homophily": 0.38815959949866863,
  "alpha": 6.25,
  "b": 0.04,
  "target_h": 0.4,
  "actual_h": 0.38815959949866863
}