{
  "num_nodes": 3106,
  "num_edges": 15978,
  "avg_degree": 10.28847392144237,
  "density": 0.003313518171156963,
  "num_labels": 14,
  "l_mean": 1.185125563425628,
  "l_min": 1,
  "l_max": 4,
  "unlabeled_fraction": 0.0,
  "label_homophily": 0.3977907122293153,
  "feature_dim": 32,
  "feature_sparsity": 0.0,
  "clustering_coefficient": 0.10853193263759954,
  "source": "data/HumanGo",
  "dataset_origin": "real-world",
  "label_informativeness": 0.0785519614348905
}