{
  "num_nodes": 3000,
  "num_edges": 26988,
  "avg_degree": 17.992,
  "density": 0.005999333111037012,
  "num_labels": 20,
  "l_mean": 3.5003333333333333,
  "l_min": 0,
  "l_max": 13,
  "unlabeled_fraction": 0.007666666666666666,
  "label_homophily": 0.7012541037293235,
  "alpha": 6.25,
  "b": 0.04,
  "target_h": 0.7,
  "actual_h": 0.7012541037293235,
  "feature_dim": 20,
  "feature_sparsity": 0.0,
  "clustering_coefficient": 0.2526081878989795,
  "label_informativeness": 0.3214894958296022
}