{
  "num_nodes": 3000,
  "num_edges": 101699,
  "avg_degree": 67.79933333333334,
  "density": 0.022607313548960766,
  "num_labels": 20,
  "l_mean": 3.5003333333333333,
  "l_min": 0,
  "l_max": 13,
  "unlabeled_fraction": 0.007666666666666666,
  "label_homophily": 0.5244423760134089,
  "alpha": 12.5,
  "b": 0.08,
  "target_h": 0.52253,
  "actual_h": 0.5244423760134089,
  "label_informativeness": 0.1826718492357092,
  "clustering_coefficient": 0.40069313311152543
}