{
  "num_nodes": 3000,
  "num_edges": 36112,
  "avg_degree": 24.074666666666666,
  "density": 0.00802756474380349,
  "num_labels": 20,
  "l_mean": 3.5003333333333333,
  "l_min": 0,
  "l_max": 13,
  "unlabeled_fraction": 0.007666666666666666,
  "label_homophily": 0.5984578548328234,
  "clustering_coefficient": 0.1735886876444652,
  "alpha": 4.6875,
  "b": 0.04,
  "target_h": 0.6,
  "actual_h": 0.5984578548328234,
  "rewire": {
    "swaps_requested": 72224,
    "swaps_accepted": 72224,
    "swaps_rejected": 1583589,
    "attempts": 1655813,
    "h_before": 0.618455410595459,
    "h_after": 0.598457854832783,
    "h_tolerance": 0.02
  },
  "label_informativeness": 0.240204833921896
}