{
  "num_nodes": 3000,
  "num_edges": 39723,
  "avg_degree": 26.482,
  "density": 0.00883027675891964,
  "num_labels": 20,
  "l_mean": 3.5003333333333333,
  "l_min": 0,
  "l_max": 13,
  "unlabeled_fraction": 0.007666666666666666,
  "label_homophily": 0.5747920651822348,
  "alpha": 4.6875,
  "b": 0.04,
  "target_h": 0.6,
  "actual_h": 0.5747920651822348,
  "label_informativeness": 0.2009066441682741,
  "clustering_coefficient": 0.15780859702298927
}