{
  "num_nodes": 3000,
  "num_edges": 311505,
  "avg_degree": 207.67,
  "density": 0.06924641547182395,
  "num_labels": 20,
  "l_mean": 3.2336666666666667,
  "l_min": 1,
  "l_max": 12,
  "unlabeled_fraction": 0.0,
  "label_homophily": 0.6034397550661335,
  "alpha": 9.375,
  "b": 0.08,
  "target_h": 0.6,
  "actual_h": 0.6034397550661335,
  "feature_dim": 20,
  "feature_sparsity": 0.0,
  "clustering_coefficient": 0.44655301686484894,
  "label_informativeness": 0.07915701407131773
}