{
  "num_nodes": 3000,
  "num_edges": 4067,
  "avg_degree": 2.711333333333333,
  "density": 0.0009040791374902745,
  "num_labels": 40,
  "l_mean": 6.468666666666667,
  "l_min": 0,
  "l_max": 21,
  "unlabeled_fraction": 0.001,
  "label_homophily": 0.5983768466605572,
  "alpha": 25.0,
  "b": 0.04,
  "target_h": 0.6,
  "actual_h": 0.5983768466605572,
  "label_informativeness": 0.2561800025536226,
  "clustering_coefficient": 0.0879221860941988
}