{
  "num_nodes": 3000,
  "num_edges": 44860,
  "avg_degree": 29.906666666666666,
  "density": 0.009972212959875514,
  "num_labels": 22,
  "l_mean": 2.9406666666666665,
  "l_min": 0,
  "l_max": 10,
  "unlabeled_fraction": 0.01,
  "label_homophily": 0.6136659520683155,
  "alpha": 6.25,
  "b": 0.04,
  "target_h": 0.6,
  "actual_h": 0.6136659520683155
}