{
  "num_nodes": 3000,
  "num_edges": 57083,
  "avg_degree": 38.05533333333333,
  "density": 0.012689340891408248,
  "num_labels": 20,
  "l_mean": 2.7623333333333333,
  "l_min": 0,
  "l_max": 10,
  "unlabeled_fraction": 0.01,
  "label_homophily": 0.5984593384263276,
  "alpha": 4.6875,
  "b": 0.04,
  "target_h": 0.6,
  "actual_h": 0.5984593384263276
}