{
  "num_nodes": 3000,
  "num_edges": 317448,
  "avg_degree": 211.632,
  "density": 0.0705675225075025,
  "num_labels": 19,
  "l_mean": 3.9326666666666665,
  "l_min": 0,
  "l_max": 13,
  "unlabeled_fraction": 0.006,
  "label_homophily": 0.38654508196157134,
  "alpha": 50.0,
  "b": 0.12,
  "target_h": 0.4,
  "actual_h": 0.38654508196157134
}