{
  "num_nodes": 3000,
  "num_edges": 8787,
  "avg_degree": 5.858,
  "density": 0.0019533177725908637,
  "num_labels": 32,
  "l_mean": 6.044666666666667,
  "l_min": 0,
  "l_max": 20,
  "unlabeled_fraction": 0.0033333333333333335,
  "label_homophily": 0.5473737792488044,
  "alpha": 50.0,
  "b": 0.04,
  "target_h": 0.6,
  "actual_h": 0.5473737792488044
}