{
  "num_nodes": 3000,
  "num_edges": 143062,
  "avg_degree": 95.37466666666667,
  "density": 0.03180215627431366,
  "num_labels": 17,
  "l_mean": 2.723333333333333,
  "l_min": 0,
  "l_max": 11,
  "unlabeled_fraction": 0.01,
  "label_homophily": 0.5894144244155112,
  "alpha": 50.0,
  "b": 0.06,
  "target_h": 0.6,
  "actual_h": 0.5894144244155112
}