{
  "num_nodes": 3000,
  "num_edges": 13479,
  "avg_degree": 8.986,
  "density": 0.002996332110703568,
  "num_labels": 20,
  "l_mean": 3.5003333333333333,
  "l_min": 0,
  "l_max": 13,
  "unlabeled_fraction": 0.007666666666666666,
  "label_homophily": 0.9178553726546316,
  "alpha": 15.625,
  "b": 0.04,
  "target_h": 0.9,
  "actual_h": 0.9178553726546316,
  "feature_dim": 20,
  "feature_sparsity": 0.0,
  "clustering_coefficient": 0.37279604355843776,
  "label_informativeness": 0.510139748623539
}