{
  "num_nodes": 3000,
  "num_edges": 789960,
  "avg_degree": 526.64,
  "density": 0.1756052017339113,
  "num_labels": 20,
  "l_mean": 2.404,
  "l_min": 0,
  "l_max": 11,
  "unlabeled_fraction": 0.024666666666666667,
  "label_homophily": 0.2187292179809572,
  "alpha": 12.5,
  "b": 0.12,
  "target_h": 0.2,
  "actual_h": 0.2187292179809572,
  "label_informativeness": 0.04121608416959828,
  "clustering_coefficient": 0.6080984608988754
}