{
  "num_nodes": 3000,
  "num_edges": 771361,
  "avg_degree": 514.2406666666667,
  "density": 0.1714707124597088,
  "num_labels": 11,
  "l_mean": 2.0156666666666667,
  "l_min": 0,
  "l_max": 7,
  "unlabeled_fraction": 0.013333333333333334,
  "label_homophily": 0.39291311330269596,
  "alpha": 3.125,
  "b": 0.12,
  "target_h": 0.4,
  "actual_h": 0.39291311330269596
}