{
  "num_nodes": 3000,
  "num_edges": 9379,
  "avg_degree": 6.252666666666666,
  "density": 0.002084917194620429,
  "num_labels": 34,
  "l_mean": 5.914333333333333,
  "l_min": 0,
  "l_max": 20,
  "unlabeled_fraction": 0.002,
  "label_homophily": 0.6049994834061472,
  "alpha": 9.375,
  "b": 0.04,
  "target_h": 0.6,
  "actual_h": 0.6049994834061472
}