{
  "num_nodes": 3000,
  "num_edges": 1378164,
  "avg_degree": 918.776,
  "density": 0.30636078692897634,
  "num_labels": 20,
  "l_mean": 2.125,
  "l_min": 0,
  "l_max": 13,
  "unlabeled_fraction": 0.4043333333333333,
  "label_homophily": 0.09640329509642871,
  "alpha": 25.0,
  "b": 0.2,
  "target_h": 0.2,
  "actual_h": 0.09640329509642871,
  "label_informativeness": 0.008253015698227353,
  "clustering_coefficient": 0.6233642640861721,
  "_unlabel_applied": true,
  "_unlabel_frac_target": 0.4
}