{
  "num_nodes": 3000,
  "num_edges": 85551,
  "avg_degree": 57.034,
  "density": 0.019017672557519173,
  "num_labels": 20,
  "l_mean": 3.5003333333333333,
  "l_min": 0,
  "l_max": 13,
  "unlabeled_fraction": 0.007666666666666666,
  "label_homophily": 0.5712740473877898,
  "alpha": 50.0,
  "b": 0.08,
  "target_h": 0.574792,
  "actual_h": 0.5712740473877898,
  "label_informativeness": 0.23281185730841533,
  "clustering_coefficient": 0.3846963262890993
}