{
  "num_nodes": 3000,
  "num_edges": 87414,
  "avg_degree": 58.276,
  "density": 0.01943181060353451,
  "num_labels": 20,
  "l_mean": 2.066666666666667,
  "l_min": 0,
  "l_max": 8,
  "unlabeled_fraction": 0.058666666666666666,
  "label_homophily": 0.6027911239481211,
  "alpha": 8.59375,
  "b": 0.04,
  "target_h": 0.6,
  "actual_h": 0.6027911239481211,
  "label_informativeness": 0.5603798748227525,
  "clustering_coefficient": 0.3668969726084935
}