{
  "num_nodes": 3000,
  "num_edges": 47503,
  "avg_degree": 31.668666666666667,
  "density": 0.010559742136267645,
  "num_labels": 20,
  "l_mean": 3.2336666666666667,
  "l_min": 1,
  "l_max": 12,
  "unlabeled_fraction": 0.0,
  "label_homophily": 0.9999842115234827,
  "alpha": 50.0,
  "b": 0.04,
  "target_h": 1.0,
  "actual_h": 0.9999842115234827,
  "feature_dim": 20,
  "feature_sparsity": 0.0,
  "clustering_coefficient": 0.868884988971434,
  "label_informativeness": 0.5166615989525878
}