{
  "num_nodes": 3000,
  "num_edges": 3997,
  "avg_degree": 2.6646666666666667,
  "density": 0.0008885183950205624,
  "num_labels": 40,
  "l_mean": 6.468666666666667,
  "l_min": 0,
  "l_max": 21,
  "unlabeled_fraction": 0.001,
  "label_homophily": 0.6026826474310201,
  "alpha": 50.0,
  "b": 0.04,
  "target_h": 0.8,
  "actual_h": 0.6026826474310201,
  "label_informativeness": 0.2609151889292835,
  "clustering_coefficient": 0.0849537823090781
}