{
  "num_nodes": 3000,
  "num_edges": 1758510,
  "avg_degree": 1172.34,
  "density": 0.39091030343447813,
  "num_labels": 40,
  "l_mean": 6.468666666666667,
  "l_min": 0,
  "l_max": 21,
  "unlabeled_fraction": 0.001,
  "label_homophily": 0.18335787556385774,
  "alpha": 50.0,
  "b": 0.2,
  "target_h": 0.2,
  "actual_h": 0.18335787556385774,
  "label_informativeness": 0.0009868761273561218,
  "clustering_coefficient": 0.7017606271416068
}