{
  "num_nodes": 3000,
  "num_edges": 650885,
  "avg_degree": 433.92333333333335,
  "density": 0.14468934089140825,
  "num_labels": 20,
  "l_mean": 3.2336666666666667,
  "l_min": 1,
  "l_max": 12,
  "unlabeled_fraction": 0.0,
  "label_homophily": 0.39973615339186824,
  "alpha": 3.125,
  "b": 0.08,
  "target_h": 0.4,
  "actual_h": 0.39973615339186824,
  "feature_dim": 20,
  "feature_sparsity": 0.0,
  "clustering_coefficient": 0.27520255018494244,
  "label_informativeness": 0.017864639161278582
}