{
  "num_nodes": 3000,
  "num_edges": 67147,
  "avg_degree": 44.76466666666666,
  "density": 0.01492653106591086,
  "num_labels": 20,
  "l_mean": 3.2336666666666667,
  "l_min": 1,
  "l_max": 12,
  "unlabeled_fraction": 0.0,
  "label_homophily": 0.8990423108645069,
  "alpha": 9.375,
  "b": 0.04,
  "target_h": 0.9,
  "actual_h": 0.8990423108645069,
  "feature_dim": 20,
  "feature_sparsity": 0.0,
  "clustering_coefficient": 0.5223095301679208,
  "label_informativeness": 0.35995257851645157
}