{
  "num_nodes": 3000,
  "num_edges": 116904,
  "avg_degree": 77.936,
  "density": 0.025987329109703236,
  "num_labels": 20,
  "l_mean": 3.5003333333333333,
  "l_min": 0,
  "l_max": 13,
  "unlabeled_fraction": 0.007666666666666666,
  "label_homophily": 0.4905393087232506,
  "alpha": 9.375,
  "b": 0.08,
  "target_h": 0.5,
  "actual_h": 0.4905393087232506,
  "feature_dim": 20,
  "feature_sparsity": 0.0,
  "clustering_coefficient": 0.3836113353737657,
  "label_informativeness": 0.15133989238897017
}