{
  "num_nodes": 3000,
  "num_edges": 2248653,
  "avg_degree": 1499.102,
  "density": 0.49986728909636546,
  "num_labels": 20,
  "l_mean": 3.2336666666666667,
  "l_min": 1,
  "l_max": 12,
  "unlabeled_fraction": 0.0,
  "label_homophily": 0.2253256917321804,
  "alpha": 0.0,
  "b": 0.35,
  "target_h": 0.2,
  "actual_h": 0.2253256917321804,
  "feature_dim": 20,
  "feature_sparsity": 0.0,
  "clustering_coefficient": 0.4998658155912925,
  "label_informativeness": 2.7591333437082537e-06
}