{
  "num_nodes": 3000,
  "num_edges": 2248653,
  "avg_degree": 1499.102,
  "density": 0.49986728909636546,
  "num_labels": 5,
  "l_mean": 1.4063333333333334,
  "l_min": 0,
  "l_max": 4,
  "unlabeled_fraction": 0.028333333333333332,
  "label_homophily": 0.25789020101087745,
  "alpha": 0.0,
  "b": 0.55,
  "target_h": 0.2,
  "actual_h": 0.25789020101087745,
  "label_informativeness": 2.950826352241516e-07,
  "clustering_coefficient": 0.4998658155912925
}