{
  "num_nodes": 3000,
  "num_edges": 205075,
  "avg_degree": 136.71666666666667,
  "density": 0.04558741802823163,
  "num_labels": 12,
  "l_mean": 2.2693333333333334,
  "l_min": 0,
  "l_max": 9,
  "unlabeled_fraction": 0.012,
  "label_homophily": 0.6106026012351675,
  "alpha": 5.46875,
  "b": 0.08,
  "target_h": 0.6,
  "actual_h": 0.6106026012351675
}