{
  "num_nodes": 3000,
  "num_edges": 239996,
  "avg_degree": 159.99733333333333,
  "density": 0.05335022785372902,
  "num_labels": 11,
  "l_mean": 2.0036666666666667,
  "l_min": 0,
  "l_max": 8,
  "unlabeled_fraction": 0.02,
  "label_homophily": 0.6052742084047441,
  "alpha": 4.6875,
  "b": 0.08,
  "target_h": 0.6,
  "actual_h": 0.6052742084047441
}