{
  "num_nodes": 3000,
  "num_edges": 143290,
  "avg_degree": 95.52666666666667,
  "density": 0.031852839835500725,
  "num_labels": 20,
  "l_mean": 3.820666666666667,
  "l_min": 0,
  "l_max": 13,
  "unlabeled_fraction": 0.007333333333333333,
  "label_homophily": 0.3952788768328161,
  "alpha": 5.46875,
  "b": 0.08,
  "target_h": 0.4,
  "actual_h": 0.3952788768328161
}