{
  "num_nodes": 3000,
  "num_edges": 1378164,
  "avg_degree": 918.776,
  "density": 0.30636078692897634,
  "num_labels": 20,
  "l_mean": 3.5003333333333333,
  "l_min": 0,
  "l_max": 13,
  "unlabeled_fraction": 0.007666666666666666,
  "label_homophily": 0.21997348466603375,
  "alpha": 25.0,
  "b": 0.2,
  "target_h": 0.2,
  "actual_h": 0.21997348466603375,
  "feature_dim": 20,
  "feature_sparsity": 0.0,
  "clustering_coefficient": 0.6233642640861721,
  "label_informativeness": 0.008117299459114723
}