{
  "num_nodes": 3000,
  "num_edges": 989228,
  "avg_degree": 659.4853333333333,
  "density": 0.2199017450261198,
  "num_labels": 20,
  "l_mean": 4.114333333333334,
  "l_min": 0,
  "l_max": 16,
  "unlabeled_fraction": 0.008,
  "label_homophily": 0.19039317892510838,
  "alpha": 50.0,
  "b": 0.2,
  "target_h": 0.2,
  "actual_h": 0.19039317892510838,
  "label_informativeness": 0.01014674545370933,
  "clustering_coefficient": 0.5791718470934234
}