{
  "num_nodes": 3000,
  "num_edges": 2248653,
  "avg_degree": 1499.102,
  "density": 0.49986728909636546,
  "num_labels": 20,
  "l_mean": 3.5003333333333333,
  "l_min": 0,
  "l_max": 13,
  "unlabeled_fraction": 0.007666666666666666,
  "label_homophily": 0.14640040493775874,
  "alpha": 0.0,
  "b": 0.35,
  "target_h": 0.1,
  "actual_h": 0.14640040493775874,
  "feature_dim": 20,
  "feature_sparsity": 0.0,
  "clustering_coefficient": 0.4998658155912925,
  "label_informativeness": 1.2518066490095485e-06
}