{
  "num_nodes": 3000,
  "num_edges": 28430,
  "avg_degree": 18.953333333333333,
  "density": 0.006319884405913082,
  "num_labels": 32,
  "l_mean": 4.8053333333333335,
  "l_min": 0,
  "l_max": 16,
  "unlabeled_fraction": 0.0023333333333333335,
  "label_homophily": 0.4170426934132978,
  "alpha": 25.0,
  "b": 0.06,
  "target_h": 0.4,
  "actual_h": 0.4170426934132978
}