{
  "num_nodes": 3000,
  "num_edges": 155933,
  "avg_degree": 103.95533333333333,
  "density": 0.03466333222185173,
  "num_labels": 20,
  "l_mean": 6.3693333333333335,
  "l_min": 0,
  "l_max": 19,
  "unlabeled_fraction": 0.0033333333333333335,
  "label_homophily": 0.41264545035767874,
  "alpha": 6.25,
  "b": 0.12,
  "target_h": 0.4,
  "actual_h": 0.41264545035767874,
  "label_informativeness": 0.02280570145817849,
  "clustering_coefficient": 0.25660880692560634
}