{
  "num_nodes": 3000,
  "num_edges": 9879,
  "avg_degree": 6.586,
  "density": 0.0021960653551183727,
  "num_labels": 36,
  "l_mean": 4.913333333333333,
  "l_min": 0,
  "l_max": 20,
  "unlabeled_fraction": 0.0013333333333333333,
  "label_homophily": 0.5999260412432701,
  "alpha": 50.0,
  "b": 0.04,
  "target_h": 0.6,
  "actual_h": 0.5999260412432701
}