{
  "num_nodes": 3000,
  "num_edges": 258559,
  "avg_degree": 172.37266666666667,
  "density": 0.05747671446037568,
  "num_labels": 20,
  "l_mean": 3.1526666666666667,
  "l_min": 0,
  "l_max": 10,
  "unlabeled_fraction": 0.008333333333333333,
  "label_homophily": 0.38111148552411006,
  "alpha": 4.6875,
  "b": 0.08,
  "target_h": 0.4,
  "actual_h": 0.38111148552411006
}