{
  "num_nodes": 3000,
  "num_edges": 62349,
  "avg_degree": 41.566,
  "density": 0.01385995331777259,
  "num_labels": 28,
  "l_mean": 4.390333333333333,
  "l_min": 0,
  "l_max": 16,
  "unlabeled_fraction": 0.004333333333333333,
  "label_homophily": 0.39368489435334353,
  "alpha": 6.25,
  "b": 0.06,
  "target_h": 0.4,
  "actual_h": 0.39368489435334353,
  "label_informativeness": 0.0896980239138069,
  "source_candidate": "h0.4_c00",
  "clustering_coefficient": 0.22213439681158084
}