{
  "num_nodes": 3000,
  "num_edges": 11271,
  "avg_degree": 7.514,
  "density": 0.0025055018339446484,
  "num_labels": 20,
  "l_mean": 3.5003333333333333,
  "l_min": 0,
  "l_max": 13,
  "unlabeled_fraction": 0.007666666666666666,
  "label_homophily": 0.9999697464754643,
  "alpha": 50.0,
  "b": 0.04,
  "target_h": 1.0,
  "actual_h": 0.9999697464754643,
  "feature_dim": 20,
  "feature_sparsity": 0.0,
  "clustering_coefficient": 0.5259444444444444,
  "label_informativeness": 0.5870887259559889
}