{
  "num_nodes": 3000,
  "num_edges": 591702,
  "avg_degree": 394.468,
  "density": 0.13153317772590864,
  "num_labels": 20,
  "l_mean": 2.066666666666667,
  "l_min": 0,
  "l_max": 8,
  "unlabeled_fraction": 0.058666666666666666,
  "label_homophily": 0.21873627090800551,
  "alpha": 4.6875,
  "b": 0.08,
  "target_h": 0.2,
  "actual_h": 0.21873627090800551,
  "label_informativeness": 0.07792026585420755,
  "clustering_coefficient": 0.4026016418616854
}