{
  "num_nodes": 3000,
  "num_edges": 350673,
  "avg_degree": 233.782,
  "density": 0.07795331777259086,
  "num_labels": 13,
  "l_mean": 2.445333333333333,
  "l_min": 0,
  "l_max": 7,
  "unlabeled_fraction": 0.013,
  "label_homophily": 0.5991653276310009,
  "alpha": 50.0,
  "b": 0.12,
  "target_h": 0.6,
  "actual_h": 0.5991653276310009
}