{
  "num_nodes": 3000,
  "num_edges": 141282,
  "avg_degree": 94.188,
  "density": 0.03140646882294098,
  "num_labels": 20,
  "l_mean": 2.1283333333333334,
  "l_min": 0,
  "l_max": 9,
  "unlabeled_fraction": 0.05566666666666667,
  "label_homophily": 0.40270009843294463,
  "alpha": 4.296875,
  "b": 0.04,
  "target_h": 0.4,
  "actual_h": 0.40270009843294463,
  "label_informativeness": 0.31888054554298656,
  "clustering_coefficient": 0.2663199752436867
}