predictor,gcn_coef,gcn_ci_low,gcn_ci_high,h2gcn_coef,h2gcn_ci_low,h2gcn_ci_high
h,0.05137319819502418,0.004365453759801386,0.10716384776697005,0.018626326461096143,-0.025431608755964993,0.07496908573330355
LI,0.013792886519422976,-0.03211092994321875,0.06812875312292739,0.019489909561098306,-0.024082233391565264,0.06538317256327558
l_mean,0.12946343272901276,0.07787061806134972,0.1633082116499029,0.15197459811204958,0.10001635235277491,0.18557994807830344
|C|,-0.1881494227472146,-0.26446878940007124,-0.11988429427546457,-0.2077429054284967,-0.27212099913013105,-0.14155098613728065
log10(density),-0.009970548566455571,-0.057531566870873706,0.0788730215199809,0.040582400472850375,-0.013920982094780853,0.13688507569432687
|F|,0.011191319053745713,-0.043973869345932504,0.04812812617682751,0.039722692820687994,-0.01110810806408263,0.07888856272100617
unlabeled,0.006435895193724037,-0.02839628163803858,0.03875343582468244,-0.010909640449983044,-0.03785697220805538,0.018206796503757755
clustering,0.02152885278231637,-0.0310798862805677,0.05824838949784955,0.0029407682886812463,-0.04697246096092598,0.03366100240193589
