{
  "num_nodes": 3000,
  "num_edges": 17770,
  "avg_degree": 11.846666666666666,
  "density": 0.003950205624096921,
  "num_labels": 32,
  "l_mean": 4.7363333333333335,
  "l_min": 0,
  "l_max": 15,
  "unlabeled_fraction": 0.004,
  "label_homophily": 0.5827981783429705,
  "alpha": 50.0,
  "b": 0.04,
  "target_h": 0.6,
  "actual_h": 0.5827981783429705
}