{
  "num_nodes": 3000,
  "num_edges": 19469,
  "avg_degree": 12.979333333333333,
  "density": 0.004327887073468934,
  "num_labels": 20,
  "l_mean": 3.5003333333333333,
  "l_min": 0,
  "l_max": 13,
  "unlabeled_fraction": 0.007666666666666666,
  "label_homophily": 0.7897450064160098,
  "alpha": 9.375,
  "b": 0.04,
  "target_h": 0.8,
  "actual_h": 0.7897450064160098,
  "feature_dim": 20,
  "feature_sparsity": 0.0,
  "clustering_coefficient": 0.2790882999284219,
  "label_informativeness": 0.3980357550852998
}