{
  "num_nodes": 3000,
  "num_edges": 1051708,
  "avg_degree": 701.1386666666667,
  "density": 0.23379081916194286,
  "num_labels": 10,
  "l_mean": 2.365666666666667,
  "l_min": 0,
  "l_max": 8,
  "unlabeled_fraction": 0.009666666666666667,
  "label_homophily": 0.4058440768518843,
  "alpha": 6.25,
  "b": 0.2,
  "target_h": 0.4,
  "actual_h": 0.4058440768518843,
  "label_informativeness": 0.04020790555814659,
  "clustering_coefficient": 0.46067999155607625
}