{
  "num_nodes": 3000,
  "num_edges": 22635,
  "avg_degree": 15.09,
  "density": 0.005031677225741914,
  "num_labels": 34,
  "l_mean": 4.777666666666667,
  "l_min": 0,
  "l_max": 16,
  "unlabeled_fraction": 0.0036666666666666666,
  "label_homophily": 0.404550428658046,
  "alpha": 5.46875,
  "b": 0.04,
  "target_h": 0.4,
  "actual_h": 0.404550428658046
}