{
  "num_nodes": 3000,
  "num_edges": 22057,
  "avg_degree": 14.704666666666666,
  "density": 0.004903189952206291,
  "num_labels": 35,
  "l_mean": 4.490666666666667,
  "l_min": 0,
  "l_max": 14,
  "unlabeled_fraction": 0.0016666666666666668,
  "label_homophily": 0.6132971156137573,
  "alpha": 9.375,
  "b": 0.04,
  "target_h": 0.6,
  "actual_h": 0.6132971156137573,
  "label_informativeness": 0.1295121020882347,
  "source_candidate": "h0.6_c27",
  "clustering_coefficient": 0.24659584501395973
}